<?xml version="1.0" encoding="UTF-8" standalone="yes"?>
<applicationPatches>
    <applicationPatch>
        <applicationUuid>_a-0000e5d8-7dfc-8000-9be4-011c48011c48_4722913</applicationUuid>
        <packageInfo>
            <url>https://coforgecoe.atlassian.net/browse/EOB-40</url>
        </packageInfo>
        <patchContents>
            <item>
                <type>content</type>
                <uuids>
                    <uuid>_a-0000e5d8-7dfc-8000-9be4-011c48011c48_4723509</uuid>
                    <uuid>_a-0000e5d8-7dfc-8000-9be4-011c48011c48_4736256</uuid>
                </uuids>
            </item>
        </patchContents>
    </applicationPatch>
</applicationPatches>
